"store_type","sales","count_of_orders"
"Local",4200344.269999685,"78409"
"Super Store",1045045.1900000024,"19276"
"Mall Kiosk",705645.9000000018,"13142"
"Outlet",508029.4100000012,"9207"
"Web Portal",1067.77,"43"
